path,label,set
train/TRUMPTER SWAN/001.jpg,TRUMPTER SWAN,train
train/TRUMPTER SWAN/002.jpg,TRUMPTER SWAN,train
train/TRUMPTER SWAN/003.jpg,TRUMPTER SWAN,train
train/TRUMPTER SWAN/004.jpg,TRUMPTER SWAN,train
train/TRUMPTER SWAN/005.jpg,TRUMPTER SWAN,train
train/TRUMPTER SWAN/006.jpg,TRUMPTER SWAN,train
train/TRUMPTER SWAN/007.jpg,TRUMPTER SWAN,train
train/TRUMPTER SWAN/008.jpg,TRUMPTER SWAN,train
train/TRUMPTER SWAN/009.jpg,TRUMPTER SWAN,train
train/TRUMPTER SWAN/010.jpg,TRUMPTER SWAN,train
train/TRUMPTER SWAN/011.jpg,TRUMPTER SWAN,train
train/TRUMPTER SWAN/012.jpg,TRUMPTER SWAN,train
train/TRUMPTER SWAN/013.jpg,TRUMPTER SWAN,train
train/TRUMPTER SWAN/014.jpg,TRUMPTER SWAN,train
train/TRUMPTER SWAN/015.jpg,TRUMPTER SWAN,train
train/TRUMPTER SWAN/016.jpg,TRUMPTER SWAN,train
train/TRUMPTER SWAN/017.jpg,TRUMPTER SWAN,train
train/TRUMPTER SWAN/018.jpg,TRUMPTER SWAN,train
train/TRUMPTER SWAN/019.jpg,TRUMPTER SWAN,train
train/TRUMPTER SWAN/020.jpg,TRUMPTER SWAN,train
train/TRUMPTER SWAN/021.jpg,TRUMPTER SWAN,train
train/TRUMPTER SWAN/022.jpg,TRUMPTER SWAN,train
train/TRUMPTER SWAN/023.jpg,TRUMPTER SWAN,train
train/TRUMPTER SWAN/024.jpg,TRUMPTER SWAN,train
train/TRUMPTER SWAN/025.jpg,TRUMPTER SWAN,train
train/TRUMPTER SWAN/026.jpg,TRUMPTER SWAN,train
train/TRUMPTER SWAN/027.jpg,TRUMPTER SWAN,train
train/TRUMPTER SWAN/028.jpg,TRUMPTER SWAN,train
train/TRUMPTER SWAN/029.jpg,TRUMPTER SWAN,train
train/TRUMPTER SWAN/030.jpg,TRUMPTER SWAN,train
train/TRUMPTER SWAN/031.jpg,TRUMPTER SWAN,train
train/TRUMPTER SWAN/032.jpg,TRUMPTER SWAN,train
train/TRUMPTER SWAN/033.jpg,TRUMPTER SWAN,train
train/TRUMPTER SWAN/034.jpg,TRUMPTER SWAN,train
train/TRUMPTER SWAN/035.jpg,TRUMPTER SWAN,train
train/TRUMPTER SWAN/036.jpg,TRUMPTER SWAN,train
train/TRUMPTER SWAN/037.jpg,TRUMPTER SWAN,train
train/TRUMPTER SWAN/038.jpg,TRUMPTER SWAN,train
train/TRUMPTER SWAN/039.jpg,TRUMPTER SWAN,train
train/TRUMPTER SWAN/040.jpg,TRUMPTER SWAN,train
train/TRUMPTER SWAN/041.jpg,TRUMPTER SWAN,train
train/TRUMPTER SWAN/042.jpg,TRUMPTER SWAN,train
train/TRUMPTER SWAN/043.jpg,TRUMPTER SWAN,train
train/TRUMPTER SWAN/044.jpg,TRUMPTER SWAN,train
train/TRUMPTER SWAN/045.jpg,TRUMPTER SWAN,train
train/TRUMPTER SWAN/046.jpg,TRUMPTER SWAN,train
train/TRUMPTER SWAN/047.jpg,TRUMPTER SWAN,train
train/TRUMPTER SWAN/048.jpg,TRUMPTER SWAN,train
train/TRUMPTER SWAN/049.jpg,TRUMPTER SWAN,train
train/TRUMPTER SWAN/050.jpg,TRUMPTER SWAN,train
train/TRUMPTER SWAN/051.jpg,TRUMPTER SWAN,train
train/TRUMPTER SWAN/052.jpg,TRUMPTER SWAN,train
train/TRUMPTER SWAN/053.jpg,TRUMPTER SWAN,train
train/TRUMPTER SWAN/054.jpg,TRUMPTER SWAN,train
train/TRUMPTER SWAN/055.jpg,TRUMPTER SWAN,train
train/TRUMPTER SWAN/056.jpg,TRUMPTER SWAN,train
train/TRUMPTER SWAN/057.jpg,TRUMPTER SWAN,train
train/TRUMPTER SWAN/058.jpg,TRUMPTER SWAN,train
train/TRUMPTER SWAN/059.jpg,TRUMPTER SWAN,train
train/TRUMPTER SWAN/060.jpg,TRUMPTER SWAN,train
train/TRUMPTER SWAN/061.jpg,TRUMPTER SWAN,train
train/TRUMPTER SWAN/062.jpg,TRUMPTER SWAN,train
train/TRUMPTER SWAN/063.jpg,TRUMPTER SWAN,train
train/TRUMPTER SWAN/064.jpg,TRUMPTER SWAN,train
train/TRUMPTER SWAN/065.jpg,TRUMPTER SWAN,train
train/TRUMPTER SWAN/066.jpg,TRUMPTER SWAN,train
train/TRUMPTER SWAN/067.jpg,TRUMPTER SWAN,train
train/TRUMPTER SWAN/068.jpg,TRUMPTER SWAN,train
train/TRUMPTER SWAN/069.jpg,TRUMPTER SWAN,train
train/TRUMPTER SWAN/070.jpg,TRUMPTER SWAN,train
train/TRUMPTER SWAN/071.jpg,TRUMPTER SWAN,train
train/TRUMPTER SWAN/072.jpg,TRUMPTER SWAN,train
train/TRUMPTER SWAN/073.jpg,TRUMPTER SWAN,train
train/TRUMPTER SWAN/074.jpg,TRUMPTER SWAN,train
train/TRUMPTER SWAN/075.jpg,TRUMPTER SWAN,train
train/TRUMPTER SWAN/076.jpg,TRUMPTER SWAN,train
train/TRUMPTER SWAN/077.jpg,TRUMPTER SWAN,train
train/TRUMPTER SWAN/078.jpg,TRUMPTER SWAN,train
train/TRUMPTER SWAN/079.jpg,TRUMPTER SWAN,train
train/TRUMPTER SWAN/080.jpg,TRUMPTER SWAN,train
train/TRUMPTER SWAN/081.jpg,TRUMPTER SWAN,train
train/TRUMPTER SWAN/082.jpg,TRUMPTER SWAN,train
train/TRUMPTER SWAN/083.jpg,TRUMPTER SWAN,train
train/TRUMPTER SWAN/084.jpg,TRUMPTER SWAN,train
train/TRUMPTER SWAN/085.jpg,TRUMPTER SWAN,train
train/TRUMPTER SWAN/086.jpg,TRUMPTER SWAN,train
train/TRUMPTER SWAN/087.jpg,TRUMPTER SWAN,train
train/TRUMPTER SWAN/088.jpg,TRUMPTER SWAN,train
train/TRUMPTER SWAN/089.jpg,TRUMPTER SWAN,train
train/TRUMPTER SWAN/090.jpg,TRUMPTER SWAN,train
train/TRUMPTER SWAN/091.jpg,TRUMPTER SWAN,train
train/TRUMPTER SWAN/092.jpg,TRUMPTER SWAN,train
train/TRUMPTER SWAN/093.jpg,TRUMPTER SWAN,train
train/TRUMPTER SWAN/094.jpg,TRUMPTER SWAN,train
train/TRUMPTER SWAN/095.jpg,TRUMPTER SWAN,train
train/TRUMPTER SWAN/096.jpg,TRUMPTER SWAN,train
train/TRUMPTER SWAN/097.jpg,TRUMPTER SWAN,train
train/TRUMPTER SWAN/098.jpg,TRUMPTER SWAN,train
train/TRUMPTER SWAN/099.jpg,TRUMPTER SWAN,train
train/TRUMPTER SWAN/100.jpg,TRUMPTER SWAN,train
train/TRUMPTER SWAN/101.jpg,TRUMPTER SWAN,train
train/TRUMPTER SWAN/102.jpg,TRUMPTER SWAN,train
train/TRUMPTER SWAN/103.jpg,TRUMPTER SWAN,train
train/TRUMPTER SWAN/104.jpg,TRUMPTER SWAN,train
train/TRUMPTER SWAN/105.jpg,TRUMPTER SWAN,train
train/TRUMPTER SWAN/106.jpg,TRUMPTER SWAN,train
train/TRUMPTER SWAN/107.jpg,TRUMPTER SWAN,train
train/TRUMPTER SWAN/108.jpg,TRUMPTER SWAN,train
train/TRUMPTER SWAN/109.jpg,TRUMPTER SWAN,train
train/TRUMPTER SWAN/110.jpg,TRUMPTER SWAN,train
train/TRUMPTER SWAN/111.jpg,TRUMPTER SWAN,train
train/TRUMPTER SWAN/112.jpg,TRUMPTER SWAN,train
train/TRUMPTER SWAN/113.jpg,TRUMPTER SWAN,train
train/TRUMPTER SWAN/114.jpg,TRUMPTER SWAN,train
train/TRUMPTER SWAN/115.jpg,TRUMPTER SWAN,train
train/TRUMPTER SWAN/116.jpg,TRUMPTER SWAN,train
train/TRUMPTER SWAN/117.jpg,TRUMPTER SWAN,train
train/TRUMPTER SWAN/118.jpg,TRUMPTER SWAN,train
train/TRUMPTER SWAN/119.jpg,TRUMPTER SWAN,train
train/TRUMPTER SWAN/120.jpg,TRUMPTER SWAN,train
train/TRUMPTER SWAN/121.jpg,TRUMPTER SWAN,train
train/TRUMPTER SWAN/122.jpg,TRUMPTER SWAN,train
train/TRUMPTER SWAN/123.jpg,TRUMPTER SWAN,train
train/TRUMPTER SWAN/124.jpg,TRUMPTER SWAN,train
train/TRUMPTER SWAN/125.jpg,TRUMPTER SWAN,train
train/TRUMPTER SWAN/126.jpg,TRUMPTER SWAN,train
train/TRUMPTER SWAN/127.jpg,TRUMPTER SWAN,train
train/TRUMPTER SWAN/128.jpg,TRUMPTER SWAN,train
train/TRUMPTER SWAN/129.jpg,TRUMPTER SWAN,train
train/TRUMPTER SWAN/130.jpg,TRUMPTER SWAN,train
train/TRUMPTER SWAN/131.jpg,TRUMPTER SWAN,train
train/TRUMPTER SWAN/132.jpg,TRUMPTER SWAN,train
train/TRUMPTER SWAN/133.jpg,TRUMPTER SWAN,train
train/TRUMPTER SWAN/134.jpg,TRUMPTER SWAN,train
train/TRUMPTER SWAN/135.jpg,TRUMPTER SWAN,train
train/TRUMPTER SWAN/136.jpg,TRUMPTER SWAN,train
train/TRUMPTER SWAN/137.jpg,TRUMPTER SWAN,train
train/QUETZAL/001.jpg,QUETZAL,train
train/QUETZAL/002.jpg,QUETZAL,train
train/QUETZAL/003.jpg,QUETZAL,train
train/QUETZAL/004.jpg,QUETZAL,train
train/QUETZAL/005.jpg,QUETZAL,train
train/QUETZAL/006.jpg,QUETZAL,train
train/QUETZAL/007.jpg,QUETZAL,train
train/QUETZAL/008.jpg,QUETZAL,train
train/QUETZAL/009.jpg,QUETZAL,train
train/QUETZAL/010.jpg,QUETZAL,train
train/QUETZAL/011.jpg,QUETZAL,train
train/QUETZAL/012.jpg,QUETZAL,train
train/QUETZAL/013.jpg,QUETZAL,train
train/QUETZAL/014.jpg,QUETZAL,train
train/QUETZAL/015.jpg,QUETZAL,train
train/QUETZAL/016.jpg,QUETZAL,train
train/QUETZAL/017.jpg,QUETZAL,train
train/QUETZAL/018.jpg,QUETZAL,train
train/QUETZAL/019.jpg,QUETZAL,train
train/QUETZAL/020.jpg,QUETZAL,train
train/QUETZAL/021.jpg,QUETZAL,train
train/QUETZAL/022.jpg,QUETZAL,train
train/QUETZAL/023.jpg,QUETZAL,train
train/QUETZAL/024.jpg,QUETZAL,train
train/QUETZAL/025.jpg,QUETZAL,train
train/QUETZAL/026.jpg,QUETZAL,train
train/QUETZAL/027.jpg,QUETZAL,train
train/QUETZAL/028.jpg,QUETZAL,train
train/QUETZAL/029.jpg,QUETZAL,train
train/QUETZAL/030.jpg,QUETZAL,train
train/QUETZAL/031.jpg,QUETZAL,train
train/QUETZAL/032.jpg,QUETZAL,train
train/QUETZAL/033.jpg,QUETZAL,train
train/QUETZAL/034.jpg,QUETZAL,train
train/QUETZAL/035.jpg,QUETZAL,train
train/QUETZAL/036.jpg,QUETZAL,train
train/QUETZAL/037.jpg,QUETZAL,train
train/QUETZAL/038.jpg,QUETZAL,train
train/QUETZAL/039.jpg,QUETZAL,train
train/QUETZAL/040.jpg,QUETZAL,train
train/QUETZAL/041.jpg,QUETZAL,train
train/QUETZAL/042.jpg,QUETZAL,train
train/QUETZAL/043.jpg,QUETZAL,train
train/QUETZAL/044.jpg,QUETZAL,train
train/QUETZAL/045.jpg,QUETZAL,train
train/QUETZAL/046.jpg,QUETZAL,train
train/QUETZAL/047.jpg,QUETZAL,train
train/QUETZAL/048.jpg,QUETZAL,train
train/QUETZAL/049.jpg,QUETZAL,train
train/QUETZAL/050.jpg,QUETZAL,train
train/QUETZAL/051.jpg,QUETZAL,train
train/QUETZAL/052.jpg,QUETZAL,train
train/QUETZAL/053.jpg,QUETZAL,train
train/QUETZAL/054.jpg,QUETZAL,train
train/QUETZAL/055.jpg,QUETZAL,train
train/QUETZAL/056.jpg,QUETZAL,train
train/QUETZAL/057.jpg,QUETZAL,train
train/QUETZAL/058.jpg,QUETZAL,train
train/QUETZAL/059.jpg,QUETZAL,train
train/QUETZAL/060.jpg,QUETZAL,train
train/QUETZAL/061.jpg,QUETZAL,train
train/QUETZAL/062.jpg,QUETZAL,train
train/QUETZAL/063.jpg,QUETZAL,train
train/QUETZAL/064.jpg,QUETZAL,train
train/QUETZAL/065.jpg,QUETZAL,train
train/QUETZAL/066.jpg,QUETZAL,train
train/QUETZAL/067.jpg,QUETZAL,train
train/QUETZAL/068.jpg,QUETZAL,train
train/QUETZAL/069.jpg,QUETZAL,train
train/QUETZAL/070.jpg,QUETZAL,train
train/QUETZAL/071.jpg,QUETZAL,train
train/QUETZAL/072.jpg,QUETZAL,train
train/QUETZAL/073.jpg,QUETZAL,train
train/QUETZAL/074.jpg,QUETZAL,train
train/QUETZAL/075.jpg,QUETZAL,train
train/QUETZAL/076.jpg,QUETZAL,train
train/QUETZAL/077.jpg,QUETZAL,train
train/QUETZAL/078.jpg,QUETZAL,train
train/QUETZAL/079.jpg,QUETZAL,train
train/QUETZAL/080.jpg,QUETZAL,train
train/QUETZAL/081.jpg,QUETZAL,train
train/QUETZAL/082.jpg,QUETZAL,train
train/QUETZAL/083.jpg,QUETZAL,train
train/QUETZAL/084.jpg,QUETZAL,train
train/QUETZAL/085.jpg,QUETZAL,train
train/QUETZAL/086.jpg,QUETZAL,train
train/QUETZAL/087.jpg,QUETZAL,train
train/QUETZAL/088.jpg,QUETZAL,train
train/QUETZAL/089.jpg,QUETZAL,train
train/QUETZAL/090.jpg,QUETZAL,train
train/QUETZAL/091.jpg,QUETZAL,train
train/QUETZAL/092.jpg,QUETZAL,train
train/QUETZAL/093.jpg,QUETZAL,train
train/QUETZAL/094.jpg,QUETZAL,train
train/QUETZAL/095.jpg,QUETZAL,train
train/QUETZAL/096.jpg,QUETZAL,train
train/QUETZAL/097.jpg,QUETZAL,train
train/QUETZAL/098.jpg,QUETZAL,train
train/QUETZAL/099.jpg,QUETZAL,train
train/QUETZAL/100.jpg,QUETZAL,train
train/QUETZAL/101.jpg,QUETZAL,train
train/QUETZAL/102.jpg,QUETZAL,train
train/QUETZAL/103.jpg,QUETZAL,train
train/QUETZAL/104.jpg,QUETZAL,train
train/QUETZAL/105.jpg,QUETZAL,train
train/QUETZAL/106.jpg,QUETZAL,train
train/QUETZAL/107.jpg,QUETZAL,train
train/QUETZAL/108.jpg,QUETZAL,train
train/QUETZAL/109.jpg,QUETZAL,train
train/QUETZAL/110.jpg,QUETZAL,train
train/QUETZAL/111.jpg,QUETZAL,train
train/QUETZAL/112.jpg,QUETZAL,train
train/QUETZAL/113.jpg,QUETZAL,train
train/QUETZAL/114.jpg,QUETZAL,train
train/QUETZAL/115.jpg,QUETZAL,train
train/QUETZAL/116.jpg,QUETZAL,train
train/QUETZAL/117.jpg,QUETZAL,train
train/QUETZAL/118.jpg,QUETZAL,train
train/QUETZAL/119.jpg,QUETZAL,train
train/QUETZAL/120.jpg,QUETZAL,train
train/QUETZAL/121.jpg,QUETZAL,train
train/QUETZAL/122.jpg,QUETZAL,train
train/QUETZAL/123.jpg,QUETZAL,train
train/QUETZAL/124.jpg,QUETZAL,train
train/QUETZAL/125.jpg,QUETZAL,train
train/QUETZAL/126.jpg,QUETZAL,train
train/QUETZAL/127.jpg,QUETZAL,train
train/QUETZAL/128.jpg,QUETZAL,train
train/QUETZAL/129.jpg,QUETZAL,train
train/QUETZAL/130.jpg,QUETZAL,train
train/QUETZAL/131.jpg,QUETZAL,train
train/QUETZAL/132.jpg,QUETZAL,train
train/QUETZAL/133.jpg,QUETZAL,train
train/QUETZAL/134.jpg,QUETZAL,train
train/QUETZAL/135.jpg,QUETZAL,train
train/QUETZAL/136.jpg,QUETZAL,train
train/QUETZAL/137.jpg,QUETZAL,train
train/QUETZAL/138.jpg,QUETZAL,train
train/QUETZAL/139.jpg,QUETZAL,train
train/QUETZAL/140.jpg,QUETZAL,train
train/QUETZAL/141.jpg,QUETZAL,train
train/QUETZAL/142.jpg,QUETZAL,train
train/QUETZAL/143.jpg,QUETZAL,train
train/QUETZAL/144.jpg,QUETZAL,train
train/QUETZAL/145.jpg,QUETZAL,train
train/QUETZAL/146.jpg,QUETZAL,train
train/QUETZAL/147.jpg,QUETZAL,train
train/QUETZAL/148.jpg,QUETZAL,train
train/QUETZAL/149.jpg,QUETZAL,train
train/QUETZAL/150.jpg,QUETZAL,train
train/QUETZAL/151.jpg,QUETZAL,train
train/QUETZAL/152.jpg,QUETZAL,train
train/FLAMINGO/001.jpg,FLAMINGO,train
train/FLAMINGO/002.jpg,FLAMINGO,train
train/FLAMINGO/003.jpg,FLAMINGO,train
train/FLAMINGO/004.jpg,FLAMINGO,train
train/FLAMINGO/005.jpg,FLAMINGO,train
train/FLAMINGO/006.jpg,FLAMINGO,train
train/FLAMINGO/007.jpg,FLAMINGO,train
train/FLAMINGO/008.jpg,FLAMINGO,train
train/FLAMINGO/009.jpg,FLAMINGO,train
train/FLAMINGO/010.jpg,FLAMINGO,train
train/FLAMINGO/011.jpg,FLAMINGO,train
train/FLAMINGO/012.jpg,FLAMINGO,train
train/FLAMINGO/013.jpg,FLAMINGO,train
train/FLAMINGO/014.jpg,FLAMINGO,train
train/FLAMINGO/015.jpg,FLAMINGO,train
train/FLAMINGO/016.jpg,FLAMINGO,train
train/FLAMINGO/017.jpg,FLAMINGO,train
train/FLAMINGO/018.jpg,FLAMINGO,train
train/FLAMINGO/019.jpg,FLAMINGO,train
train/FLAMINGO/020.jpg,FLAMINGO,train
train/FLAMINGO/021.jpg,FLAMINGO,train
train/FLAMINGO/022.jpg,FLAMINGO,train
train/FLAMINGO/023.jpg,FLAMINGO,train
train/FLAMINGO/024.jpg,FLAMINGO,train
train/FLAMINGO/025.jpg,FLAMINGO,train
train/FLAMINGO/026.jpg,FLAMINGO,train
train/FLAMINGO/027.jpg,FLAMINGO,train
train/FLAMINGO/028.jpg,FLAMINGO,train
train/FLAMINGO/029.jpg,FLAMINGO,train
train/FLAMINGO/030.jpg,FLAMINGO,train
train/FLAMINGO/031.jpg,FLAMINGO,train
train/FLAMINGO/032.jpg,FLAMINGO,train
train/FLAMINGO/033.jpg,FLAMINGO,train
train/FLAMINGO/034.jpg,FLAMINGO,train
train/FLAMINGO/035.jpg,FLAMINGO,train
train/FLAMINGO/036.jpg,FLAMINGO,train
train/FLAMINGO/037.jpg,FLAMINGO,train
train/FLAMINGO/038.jpg,FLAMINGO,train
train/FLAMINGO/039.jpg,FLAMINGO,train
train/FLAMINGO/040.jpg,FLAMINGO,train
train/FLAMINGO/041.jpg,FLAMINGO,train
train/FLAMINGO/042.jpg,FLAMINGO,train
train/FLAMINGO/043.jpg,FLAMINGO,train
train/FLAMINGO/044.jpg,FLAMINGO,train
train/FLAMINGO/045.jpg,FLAMINGO,train
train/FLAMINGO/046.jpg,FLAMINGO,train
train/FLAMINGO/047.jpg,FLAMINGO,train
train/FLAMINGO/048.jpg,FLAMINGO,train
train/FLAMINGO/049.jpg,FLAMINGO,train
train/FLAMINGO/050.jpg,FLAMINGO,train
train/FLAMINGO/051.jpg,FLAMINGO,train
train/FLAMINGO/052.jpg,FLAMINGO,train
train/FLAMINGO/053.jpg,FLAMINGO,train
train/FLAMINGO/054.jpg,FLAMINGO,train
train/FLAMINGO/055.jpg,FLAMINGO,train
train/FLAMINGO/056.jpg,FLAMINGO,train
train/FLAMINGO/057.jpg,FLAMINGO,train
train/FLAMINGO/058.jpg,FLAMINGO,train
train/FLAMINGO/059.jpg,FLAMINGO,train
train/FLAMINGO/060.jpg,FLAMINGO,train
train/FLAMINGO/061.jpg,FLAMINGO,train
train/FLAMINGO/062.jpg,FLAMINGO,train
train/FLAMINGO/063.jpg,FLAMINGO,train
train/FLAMINGO/064.jpg,FLAMINGO,train
train/FLAMINGO/065.jpg,FLAMINGO,train
train/FLAMINGO/066.jpg,FLAMINGO,train
train/FLAMINGO/067.jpg,FLAMINGO,train
train/FLAMINGO/068.jpg,FLAMINGO,train
train/FLAMINGO/069.jpg,FLAMINGO,train
train/FLAMINGO/070.jpg,FLAMINGO,train
train/FLAMINGO/071.jpg,FLAMINGO,train
train/FLAMINGO/072.jpg,FLAMINGO,train
train/FLAMINGO/073.jpg,FLAMINGO,train
train/FLAMINGO/074.jpg,FLAMINGO,train
train/FLAMINGO/075.jpg,FLAMINGO,train
train/FLAMINGO/076.jpg,FLAMINGO,train
train/FLAMINGO/077.jpg,FLAMINGO,train
train/FLAMINGO/078.jpg,FLAMINGO,train
train/FLAMINGO/079.jpg,FLAMINGO,train
train/FLAMINGO/080.jpg,FLAMINGO,train
train/FLAMINGO/081.jpg,FLAMINGO,train
train/FLAMINGO/082.jpg,FLAMINGO,train
train/FLAMINGO/083.jpg,FLAMINGO,train
train/FLAMINGO/084.jpg,FLAMINGO,train
train/FLAMINGO/085.jpg,FLAMINGO,train
train/FLAMINGO/086.jpg,FLAMINGO,train
train/FLAMINGO/087.jpg,FLAMINGO,train
train/FLAMINGO/088.jpg,FLAMINGO,train
train/FLAMINGO/089.jpg,FLAMINGO,train
train/FLAMINGO/090.jpg,FLAMINGO,train
train/FLAMINGO/091.jpg,FLAMINGO,train
train/FLAMINGO/092.jpg,FLAMINGO,train
train/FLAMINGO/093.jpg,FLAMINGO,train
train/FLAMINGO/094.jpg,FLAMINGO,train
train/FLAMINGO/095.jpg,FLAMINGO,train
train/FLAMINGO/096.jpg,FLAMINGO,train
train/FLAMINGO/097.jpg,FLAMINGO,train
train/FLAMINGO/098.jpg,FLAMINGO,train
train/FLAMINGO/099.jpg,FLAMINGO,train
train/FLAMINGO/100.jpg,FLAMINGO,train
train/FLAMINGO/101.jpg,FLAMINGO,train
train/FLAMINGO/102.jpg,FLAMINGO,train
train/FLAMINGO/103.jpg,FLAMINGO,train
train/FLAMINGO/104.jpg,FLAMINGO,train
train/FLAMINGO/105.jpg,FLAMINGO,train
train/FLAMINGO/106.jpg,FLAMINGO,train
train/FLAMINGO/107.jpg,FLAMINGO,train
train/FLAMINGO/108.jpg,FLAMINGO,train
train/FLAMINGO/109.jpg,FLAMINGO,train
train/FLAMINGO/110.jpg,FLAMINGO,train
train/FLAMINGO/111.jpg,FLAMINGO,train
train/FLAMINGO/112.jpg,FLAMINGO,train
train/FLAMINGO/113.jpg,FLAMINGO,train
train/FLAMINGO/114.jpg,FLAMINGO,train
train/FLAMINGO/115.jpg,FLAMINGO,train
train/FLAMINGO/116.jpg,FLAMINGO,train
train/FLAMINGO/117.jpg,FLAMINGO,train
train/FLAMINGO/118.jpg,FLAMINGO,train
train/FLAMINGO/119.jpg,FLAMINGO,train
train/FLAMINGO/120.jpg,FLAMINGO,train
train/FLAMINGO/121.jpg,FLAMINGO,train
train/FLAMINGO/122.jpg,FLAMINGO,train
train/PELICAN/001.jpg,PELICAN,train
train/PELICAN/002.jpg,PELICAN,train
train/PELICAN/003.jpg,PELICAN,train
train/PELICAN/004.jpg,PELICAN,train
train/PELICAN/005.jpg,PELICAN,train
train/PELICAN/006.jpg,PELICAN,train
train/PELICAN/007.jpg,PELICAN,train
train/PELICAN/008.jpg,PELICAN,train
train/PELICAN/009.jpg,PELICAN,train
train/PELICAN/010.jpg,PELICAN,train
train/PELICAN/011.jpg,PELICAN,train
train/PELICAN/012.jpg,PELICAN,train
train/PELICAN/013.jpg,PELICAN,train
train/PELICAN/014.jpg,PELICAN,train
train/PELICAN/015.jpg,PELICAN,train
train/PELICAN/016.jpg,PELICAN,train
train/PELICAN/017.jpg,PELICAN,train
train/PELICAN/018.jpg,PELICAN,train
train/PELICAN/019.jpg,PELICAN,train
train/PELICAN/020.jpg,PELICAN,train
train/PELICAN/021.jpg,PELICAN,train
train/PELICAN/022.jpg,PELICAN,train
train/PELICAN/023.jpg,PELICAN,train
train/PELICAN/024.jpg,PELICAN,train
train/PELICAN/025.jpg,PELICAN,train
train/PELICAN/026.jpg,PELICAN,train
train/PELICAN/027.jpg,PELICAN,train
train/PELICAN/028.jpg,PELICAN,train
train/PELICAN/029.jpg,PELICAN,train
train/PELICAN/030.jpg,PELICAN,train
train/PELICAN/031.jpg,PELICAN,train
train/PELICAN/032.jpg,PELICAN,train
train/PELICAN/033.jpg,PELICAN,train
train/PELICAN/034.jpg,PELICAN,train
train/PELICAN/035.jpg,PELICAN,train
train/PELICAN/036.jpg,PELICAN,train
train/PELICAN/037.jpg,PELICAN,train
train/PELICAN/038.jpg,PELICAN,train
train/PELICAN/039.jpg,PELICAN,train
train/PELICAN/040.jpg,PELICAN,train
train/PELICAN/041.jpg,PELICAN,train
train/PELICAN/042.jpg,PELICAN,train
train/PELICAN/043.jpg,PELICAN,train
train/PELICAN/044.jpg,PELICAN,train
train/PELICAN/045.jpg,PELICAN,train
train/PELICAN/046.jpg,PELICAN,train
train/PELICAN/047.jpg,PELICAN,train
train/PELICAN/048.jpg,PELICAN,train
train/PELICAN/049.jpg,PELICAN,train
train/PELICAN/050.jpg,PELICAN,train
train/PELICAN/051.jpg,PELICAN,train
train/PELICAN/052.jpg,PELICAN,train
train/PELICAN/053.jpg,PELICAN,train
train/PELICAN/054.jpg,PELICAN,train
train/PELICAN/055.jpg,PELICAN,train
train/PELICAN/056.jpg,PELICAN,train
train/PELICAN/057.jpg,PELICAN,train
train/PELICAN/058.jpg,PELICAN,train
train/PELICAN/059.jpg,PELICAN,train
train/PELICAN/060.jpg,PELICAN,train
train/PELICAN/061.jpg,PELICAN,train
train/PELICAN/062.jpg,PELICAN,train
train/PELICAN/063.jpg,PELICAN,train
train/PELICAN/064.jpg,PELICAN,train
train/PELICAN/065.jpg,PELICAN,train
train/PELICAN/066.jpg,PELICAN,train
train/PELICAN/067.jpg,PELICAN,train
train/PELICAN/068.jpg,PELICAN,train
train/PELICAN/069.jpg,PELICAN,train
train/PELICAN/070.jpg,PELICAN,train
train/PELICAN/071.jpg,PELICAN,train
train/PELICAN/072.jpg,PELICAN,train
train/PELICAN/073.jpg,PELICAN,train
train/PELICAN/074.jpg,PELICAN,train
train/PELICAN/075.jpg,PELICAN,train
train/PELICAN/076.jpg,PELICAN,train
train/PELICAN/077.jpg,PELICAN,train
train/PELICAN/078.jpg,PELICAN,train
train/PELICAN/079.jpg,PELICAN,train
train/PELICAN/080.jpg,PELICAN,train
train/PELICAN/081.jpg,PELICAN,train
train/PELICAN/082.jpg,PELICAN,train
train/PELICAN/083.jpg,PELICAN,train
train/PELICAN/084.jpg,PELICAN,train
train/PELICAN/085.jpg,PELICAN,train
train/PELICAN/086.jpg,PELICAN,train
train/PELICAN/087.jpg,PELICAN,train
train/PELICAN/088.jpg,PELICAN,train
train/PELICAN/089.jpg,PELICAN,train
train/PELICAN/090.jpg,PELICAN,train
train/PELICAN/091.jpg,PELICAN,train
train/PELICAN/092.jpg,PELICAN,train
train/PELICAN/093.jpg,PELICAN,train
train/PELICAN/094.jpg,PELICAN,train
train/PELICAN/095.jpg,PELICAN,train
train/PELICAN/096.jpg,PELICAN,train
train/PELICAN/097.jpg,PELICAN,train
train/PELICAN/098.jpg,PELICAN,train
train/PELICAN/099.jpg,PELICAN,train
train/PELICAN/100.jpg,PELICAN,train
train/PELICAN/101.jpg,PELICAN,train
train/PELICAN/102.jpg,PELICAN,train
train/PELICAN/103.jpg,PELICAN,train
train/PELICAN/104.jpg,PELICAN,train
train/PELICAN/105.jpg,PELICAN,train
train/PELICAN/106.jpg,PELICAN,train
train/PELICAN/107.jpg,PELICAN,train
train/PELICAN/108.jpg,PELICAN,train
train/PELICAN/109.jpg,PELICAN,train
train/PELICAN/110.jpg,PELICAN,train
train/PELICAN/111.jpg,PELICAN,train
train/PELICAN/112.jpg,PELICAN,train
train/PELICAN/113.jpg,PELICAN,train
train/PELICAN/114.jpg,PELICAN,train
train/PELICAN/115.jpg,PELICAN,train
train/PELICAN/116.jpg,PELICAN,train
train/PELICAN/117.jpg,PELICAN,train
train/PELICAN/118.jpg,PELICAN,train
train/WILD TURKEY/001.jpg,WILD TURKEY,train
train/WILD TURKEY/002.jpg,WILD TURKEY,train
train/WILD TURKEY/003.jpg,WILD TURKEY,train
train/WILD TURKEY/004.jpg,WILD TURKEY,train
train/WILD TURKEY/005.jpg,WILD TURKEY,train
train/WILD TURKEY/006.jpg,WILD TURKEY,train
train/WILD TURKEY/007.jpg,WILD TURKEY,train
train/WILD TURKEY/008.jpg,WILD TURKEY,train
train/WILD TURKEY/009.jpg,WILD TURKEY,train
train/WILD TURKEY/010.jpg,WILD TURKEY,train
train/WILD TURKEY/011.jpg,WILD TURKEY,train
train/WILD TURKEY/012.jpg,WILD TURKEY,train
train/WILD TURKEY/013.jpg,WILD TURKEY,train
train/WILD TURKEY/014.jpg,WILD TURKEY,train
train/WILD TURKEY/015.jpg,WILD TURKEY,train
train/WILD TURKEY/016.jpg,WILD TURKEY,train
train/WILD TURKEY/017.jpg,WILD TURKEY,train
train/WILD TURKEY/018.jpg,WILD TURKEY,train
train/WILD TURKEY/019.jpg,WILD TURKEY,train
train/WILD TURKEY/020.jpg,WILD TURKEY,train
train/WILD TURKEY/021.jpg,WILD TURKEY,train
train/WILD TURKEY/022.jpg,WILD TURKEY,train
train/WILD TURKEY/023.jpg,WILD TURKEY,train
train/WILD TURKEY/024.jpg,WILD TURKEY,train
train/WILD TURKEY/025.jpg,WILD TURKEY,train
train/WILD TURKEY/026.jpg,WILD TURKEY,train
train/WILD TURKEY/027.jpg,WILD TURKEY,train
train/WILD TURKEY/028.jpg,WILD TURKEY,train
train/WILD TURKEY/029.jpg,WILD TURKEY,train
train/WILD TURKEY/030.jpg,WILD TURKEY,train
train/WILD TURKEY/031.jpg,WILD TURKEY,train
train/WILD TURKEY/032.jpg,WILD TURKEY,train
train/WILD TURKEY/033.jpg,WILD TURKEY,train
train/WILD TURKEY/034.jpg,WILD TURKEY,train
train/WILD TURKEY/035.jpg,WILD TURKEY,train
train/WILD TURKEY/036.jpg,WILD TURKEY,train
train/WILD TURKEY/037.jpg,WILD TURKEY,train
train/WILD TURKEY/038.jpg,WILD TURKEY,train
train/WILD TURKEY/039.jpg,WILD TURKEY,train
train/WILD TURKEY/040.jpg,WILD TURKEY,train
train/WILD TURKEY/041.jpg,WILD TURKEY,train
train/WILD TURKEY/042.jpg,WILD TURKEY,train
train/WILD TURKEY/043.jpg,WILD TURKEY,train
train/WILD TURKEY/044.jpg,WILD TURKEY,train
train/WILD TURKEY/045.jpg,WILD TURKEY,train
train/WILD TURKEY/046.jpg,WILD TURKEY,train
train/WILD TURKEY/047.jpg,WILD TURKEY,train
train/WILD TURKEY/048.jpg,WILD TURKEY,train
train/WILD TURKEY/049.jpg,WILD TURKEY,train
train/WILD TURKEY/050.jpg,WILD TURKEY,train
train/WILD TURKEY/051.jpg,WILD TURKEY,train
train/WILD TURKEY/052.jpg,WILD TURKEY,train
train/WILD TURKEY/053.jpg,WILD TURKEY,train
train/WILD TURKEY/054.jpg,WILD TURKEY,train
train/WILD TURKEY/055.jpg,WILD TURKEY,train
train/WILD TURKEY/056.jpg,WILD TURKEY,train
train/WILD TURKEY/057.jpg,WILD TURKEY,train
train/WILD TURKEY/058.jpg,WILD TURKEY,train
train/WILD TURKEY/059.jpg,WILD TURKEY,train
train/WILD TURKEY/060.jpg,WILD TURKEY,train
train/WILD TURKEY/061.jpg,WILD TURKEY,train
train/WILD TURKEY/062.jpg,WILD TURKEY,train
train/WILD TURKEY/063.jpg,WILD TURKEY,train
train/WILD TURKEY/064.jpg,WILD TURKEY,train
train/WILD TURKEY/065.jpg,WILD TURKEY,train
train/WILD TURKEY/066.jpg,WILD TURKEY,train
train/WILD TURKEY/067.jpg,WILD TURKEY,train
train/WILD TURKEY/068.jpg,WILD TURKEY,train
train/WILD TURKEY/069.jpg,WILD TURKEY,train
train/WILD TURKEY/070.jpg,WILD TURKEY,train
train/WILD TURKEY/071.jpg,WILD TURKEY,train
train/WILD TURKEY/072.jpg,WILD TURKEY,train
train/WILD TURKEY/073.jpg,WILD TURKEY,train
train/WILD TURKEY/074.jpg,WILD TURKEY,train
train/WILD TURKEY/075.jpg,WILD TURKEY,train
train/WILD TURKEY/076.jpg,WILD TURKEY,train
train/WILD TURKEY/077.jpg,WILD TURKEY,train
train/WILD TURKEY/078.jpg,WILD TURKEY,train
train/WILD TURKEY/079.jpg,WILD TURKEY,train
train/WILD TURKEY/080.jpg,WILD TURKEY,train
train/WILD TURKEY/081.jpg,WILD TURKEY,train
train/WILD TURKEY/082.jpg,WILD TURKEY,train
train/WILD TURKEY/083.jpg,WILD TURKEY,train
train/WILD TURKEY/084.jpg,WILD TURKEY,train
train/WILD TURKEY/085.jpg,WILD TURKEY,train
train/WILD TURKEY/086.jpg,WILD TURKEY,train
train/WILD TURKEY/087.jpg,WILD TURKEY,train
train/WILD TURKEY/088.jpg,WILD TURKEY,train
train/WILD TURKEY/089.jpg,WILD TURKEY,train
train/WILD TURKEY/090.jpg,WILD TURKEY,train
train/WILD TURKEY/091.jpg,WILD TURKEY,train
train/WILD TURKEY/092.jpg,WILD TURKEY,train
train/WILD TURKEY/093.jpg,WILD TURKEY,train
train/WILD TURKEY/094.jpg,WILD TURKEY,train
train/WILD TURKEY/095.jpg,WILD TURKEY,train
train/WILD TURKEY/096.jpg,WILD TURKEY,train
train/WILD TURKEY/097.jpg,WILD TURKEY,train
train/WILD TURKEY/098.jpg,WILD TURKEY,train
train/WILD TURKEY/099.jpg,WILD TURKEY,train
train/WILD TURKEY/100.jpg,WILD TURKEY,train
train/WILD TURKEY/101.jpg,WILD TURKEY,train
train/WILD TURKEY/102.jpg,WILD TURKEY,train
train/WILD TURKEY/103.jpg,WILD TURKEY,train
train/WILD TURKEY/104.jpg,WILD TURKEY,train
train/WILD TURKEY/105.jpg,WILD TURKEY,train
train/WILD TURKEY/106.jpg,WILD TURKEY,train
train/WILD TURKEY/107.jpg,WILD TURKEY,train
train/WILD TURKEY/108.jpg,WILD TURKEY,train
train/WILD TURKEY/109.jpg,WILD TURKEY,train
train/WILD TURKEY/110.jpg,WILD TURKEY,train
train/WILD TURKEY/111.jpg,WILD TURKEY,train
train/WILD TURKEY/112.jpg,WILD TURKEY,train
train/WILD TURKEY/113.jpg,WILD TURKEY,train
train/WILD TURKEY/114.jpg,WILD TURKEY,train
train/WILD TURKEY/115.jpg,WILD TURKEY,train
train/WILD TURKEY/116.jpg,WILD TURKEY,train
train/WILD TURKEY/117.jpg,WILD TURKEY,train
train/WILD TURKEY/118.jpg,WILD TURKEY,train
train/WILD TURKEY/119.jpg,WILD TURKEY,train
train/WILD TURKEY/120.jpg,WILD TURKEY,train
train/WILD TURKEY/121.jpg,WILD TURKEY,train
train/WILD TURKEY/122.jpg,WILD TURKEY,train
train/WILD TURKEY/123.jpg,WILD TURKEY,train
train/WILD TURKEY/124.jpg,WILD TURKEY,train
train/WILD TURKEY/125.jpg,WILD TURKEY,train
train/WILD TURKEY/126.jpg,WILD TURKEY,train
train/WILD TURKEY/127.jpg,WILD TURKEY,train
train/WILD TURKEY/128.jpg,WILD TURKEY,train
train/WILD TURKEY/129.jpg,WILD TURKEY,train
train/WILD TURKEY/130.jpg,WILD TURKEY,train
train/WILD TURKEY/131.jpg,WILD TURKEY,train
train/WILD TURKEY/132.jpg,WILD TURKEY,train
train/WILD TURKEY/133.jpg,WILD TURKEY,train
train/WILD TURKEY/134.jpg,WILD TURKEY,train
train/WILD TURKEY/135.jpg,WILD TURKEY,train
train/WILD TURKEY/136.jpg,WILD TURKEY,train
train/WILD TURKEY/137.jpg,WILD TURKEY,train
train/WILD TURKEY/138.jpg,WILD TURKEY,train
train/WILD TURKEY/139.jpg,WILD TURKEY,train
train/WILD TURKEY/140.jpg,WILD TURKEY,train
train/WILD TURKEY/141.jpg,WILD TURKEY,train
train/WILD TURKEY/142.jpg,WILD TURKEY,train
train/WILD TURKEY/143.jpg,WILD TURKEY,train
train/WILD TURKEY/144.jpg,WILD TURKEY,train
train/BALD EAGLE/001.jpg,BALD EAGLE,train
train/BALD EAGLE/002.jpg,BALD EAGLE,train
train/BALD EAGLE/003.jpg,BALD EAGLE,train
train/BALD EAGLE/004.jpg,BALD EAGLE,train
train/BALD EAGLE/005.jpg,BALD EAGLE,train
train/BALD EAGLE/006.jpg,BALD EAGLE,train
train/BALD EAGLE/007.jpg,BALD EAGLE,train
train/BALD EAGLE/008.jpg,BALD EAGLE,train
train/BALD EAGLE/009.jpg,BALD EAGLE,train
train/BALD EAGLE/010.jpg,BALD EAGLE,train
train/BALD EAGLE/011.jpg,BALD EAGLE,train
train/BALD EAGLE/012.jpg,BALD EAGLE,train
train/BALD EAGLE/013.jpg,BALD EAGLE,train
train/BALD EAGLE/014.jpg,BALD EAGLE,train
train/BALD EAGLE/015.jpg,BALD EAGLE,train
train/BALD EAGLE/016.jpg,BALD EAGLE,train
train/BALD EAGLE/017.jpg,BALD EAGLE,train
train/BALD EAGLE/018.jpg,BALD EAGLE,train
train/BALD EAGLE/019.jpg,BALD EAGLE,train
train/BALD EAGLE/020.jpg,BALD EAGLE,train
train/BALD EAGLE/021.jpg,BALD EAGLE,train
train/BALD EAGLE/022.jpg,BALD EAGLE,train
train/BALD EAGLE/023.jpg,BALD EAGLE,train
train/BALD EAGLE/024.jpg,BALD EAGLE,train
train/BALD EAGLE/025.jpg,BALD EAGLE,train
train/BALD EAGLE/026.jpg,BALD EAGLE,train
train/BALD EAGLE/027.jpg,BALD EAGLE,train
train/BALD EAGLE/028.jpg,BALD EAGLE,train
train/BALD EAGLE/029.jpg,BALD EAGLE,train
train/BALD EAGLE/030.jpg,BALD EAGLE,train
train/BALD EAGLE/031.jpg,BALD EAGLE,train
train/BALD EAGLE/032.jpg,BALD EAGLE,train
train/BALD EAGLE/033.jpg,BALD EAGLE,train
train/BALD EAGLE/034.jpg,BALD EAGLE,train
train/BALD EAGLE/035.jpg,BALD EAGLE,train
train/BALD EAGLE/036.jpg,BALD EAGLE,train
train/BALD EAGLE/037.jpg,BALD EAGLE,train
train/BALD EAGLE/038.jpg,BALD EAGLE,train
train/BALD EAGLE/039.jpg,BALD EAGLE,train
train/BALD EAGLE/040.jpg,BALD EAGLE,train
train/BALD EAGLE/041.jpg,BALD EAGLE,train
train/BALD EAGLE/042.jpg,BALD EAGLE,train
train/BALD EAGLE/043.jpg,BALD EAGLE,train
train/BALD EAGLE/044.jpg,BALD EAGLE,train
train/BALD EAGLE/045.jpg,BALD EAGLE,train
train/BALD EAGLE/046.jpg,BALD EAGLE,train
train/BALD EAGLE/047.jpg,BALD EAGLE,train
train/BALD EAGLE/048.jpg,BALD EAGLE,train
train/BALD EAGLE/049.jpg,BALD EAGLE,train
train/BALD EAGLE/050.jpg,BALD EAGLE,train
train/BALD EAGLE/051.jpg,BALD EAGLE,train
train/BALD EAGLE/053.jpg,BALD EAGLE,train
train/BALD EAGLE/054.jpg,BALD EAGLE,train
train/BALD EAGLE/055.jpg,BALD EAGLE,train
train/BALD EAGLE/056.jpg,BALD EAGLE,train
train/BALD EAGLE/057.jpg,BALD EAGLE,train
train/BALD EAGLE/058.jpg,BALD EAGLE,train
train/BALD EAGLE/059.jpg,BALD EAGLE,train
train/BALD EAGLE/060.jpg,BALD EAGLE,train
train/BALD EAGLE/061.jpg,BALD EAGLE,train
train/BALD EAGLE/062.jpg,BALD EAGLE,train
train/BALD EAGLE/063.jpg,BALD EAGLE,train
train/BALD EAGLE/064.jpg,BALD EAGLE,train
train/BALD EAGLE/065.jpg,BALD EAGLE,train
train/BALD EAGLE/066.jpg,BALD EAGLE,train
train/BALD EAGLE/067.jpg,BALD EAGLE,train
train/BALD EAGLE/068.jpg,BALD EAGLE,train
train/BALD EAGLE/069.jpg,BALD EAGLE,train
train/BALD EAGLE/070.jpg,BALD EAGLE,train
train/BALD EAGLE/071.jpg,BALD EAGLE,train
train/BALD EAGLE/072.jpg,BALD EAGLE,train
train/BALD EAGLE/073.jpg,BALD EAGLE,train
train/BALD EAGLE/074.jpg,BALD EAGLE,train
train/BALD EAGLE/075.jpg,BALD EAGLE,train
train/BALD EAGLE/076.jpg,BALD EAGLE,train
train/BALD EAGLE/077.jpg,BALD EAGLE,train
train/BALD EAGLE/078.jpg,BALD EAGLE,train
train/BALD EAGLE/079.jpg,BALD EAGLE,train
train/BALD EAGLE/080.jpg,BALD EAGLE,train
train/BALD EAGLE/081.jpg,BALD EAGLE,train
train/BALD EAGLE/082.jpg,BALD EAGLE,train
train/BALD EAGLE/083.jpg,BALD EAGLE,train
train/BALD EAGLE/084.jpg,BALD EAGLE,train
train/BALD EAGLE/085.jpg,BALD EAGLE,train
train/BALD EAGLE/086.jpg,BALD EAGLE,train
train/BALD EAGLE/087.jpg,BALD EAGLE,train
train/BALD EAGLE/088.jpg,BALD EAGLE,train
train/BALD EAGLE/089.jpg,BALD EAGLE,train
train/BALD EAGLE/090.jpg,BALD EAGLE,train
train/BALD EAGLE/091.jpg,BALD EAGLE,train
train/BALD EAGLE/092.jpg,BALD EAGLE,train
train/BALD EAGLE/093.jpg,BALD EAGLE,train
train/BALD EAGLE/094.jpg,BALD EAGLE,train
train/BALD EAGLE/095.jpg,BALD EAGLE,train
train/BALD EAGLE/096.jpg,BALD EAGLE,train
train/BALD EAGLE/097.jpg,BALD EAGLE,train
train/BALD EAGLE/098.jpg,BALD EAGLE,train
train/BALD EAGLE/099.jpg,BALD EAGLE,train
train/BALD EAGLE/100.jpg,BALD EAGLE,train
train/BALD EAGLE/101.jpg,BALD EAGLE,train
train/BALD EAGLE/102.jpg,BALD EAGLE,train
train/BALD EAGLE/103.jpg,BALD EAGLE,train
train/BALD EAGLE/104.jpg,BALD EAGLE,train
train/BALD EAGLE/105.jpg,BALD EAGLE,train
train/BALD EAGLE/106.jpg,BALD EAGLE,train
train/BALD EAGLE/107.jpg,BALD EAGLE,train
train/BALD EAGLE/108.jpg,BALD EAGLE,train
train/BALD EAGLE/109.jpg,BALD EAGLE,train
train/BALD EAGLE/110.jpg,BALD EAGLE,train
train/BALD EAGLE/111.jpg,BALD EAGLE,train
train/BALD EAGLE/112.jpg,BALD EAGLE,train
train/BALD EAGLE/113.jpg,BALD EAGLE,train
train/BALD EAGLE/114.jpg,BALD EAGLE,train
train/BALD EAGLE/115.jpg,BALD EAGLE,train
train/BALD EAGLE/116.jpg,BALD EAGLE,train
train/BALD EAGLE/117.jpg,BALD EAGLE,train
train/BALD EAGLE/118.jpg,BALD EAGLE,train
train/BALD EAGLE/119.jpg,BALD EAGLE,train
train/BALD EAGLE/120.jpg,BALD EAGLE,train
train/BALD EAGLE/121.jpg,BALD EAGLE,train
train/BALD EAGLE/122.jpg,BALD EAGLE,train
train/BALD EAGLE/123.jpg,BALD EAGLE,train
train/BALD EAGLE/124.jpg,BALD EAGLE,train
train/BALD EAGLE/125.jpg,BALD EAGLE,train
train/BALD EAGLE/126.jpg,BALD EAGLE,train
train/BALD EAGLE/127.jpg,BALD EAGLE,train
train/BALD EAGLE/128.jpg,BALD EAGLE,train
train/BALD EAGLE/129.jpg,BALD EAGLE,train
train/BALD EAGLE/130.jpg,BALD EAGLE,train
train/BALD EAGLE/131.jpg,BALD EAGLE,train
train/BALD EAGLE/132.jpg,BALD EAGLE,train
train/BALD EAGLE/133.jpg,BALD EAGLE,train
train/BALD EAGLE/134.jpg,BALD EAGLE,train
train/BALD EAGLE/135.jpg,BALD EAGLE,train
train/BALD EAGLE/136.jpg,BALD EAGLE,train
train/BALD EAGLE/137.jpg,BALD EAGLE,train
train/BALD EAGLE/138.jpg,BALD EAGLE,train
train/BALD EAGLE/139.jpg,BALD EAGLE,train
train/BALD EAGLE/140.jpg,BALD EAGLE,train
train/BALD EAGLE/141.jpg,BALD EAGLE,train
train/BALD EAGLE/142.jpg,BALD EAGLE,train
train/BALD EAGLE/143.jpg,BALD EAGLE,train
train/BALD EAGLE/144.jpg,BALD EAGLE,train
train/BALD EAGLE/146.jpg,BALD EAGLE,train
train/BALD EAGLE/147.jpg,BALD EAGLE,train
train/BALD EAGLE/148.jpg,BALD EAGLE,train
train/BALD EAGLE/149.jpg,BALD EAGLE,train
train/BALD EAGLE/150.jpg,BALD EAGLE,train
train/BALD EAGLE/151.jpg,BALD EAGLE,train
train/BALD EAGLE/152.jpg,BALD EAGLE,train
train/BALD EAGLE/153.jpg,BALD EAGLE,train
train/BALD EAGLE/154.jpg,BALD EAGLE,train
train/BALD EAGLE/155.jpg,BALD EAGLE,train
train/BALD EAGLE/156.jpg,BALD EAGLE,train
train/BALD EAGLE/157.jpg,BALD EAGLE,train
train/BALD EAGLE/158.jpg,BALD EAGLE,train
train/BALD EAGLE/159.jpg,BALD EAGLE,train
train/BALD EAGLE/160.jpg,BALD EAGLE,train
train/BALD EAGLE/161.jpg,BALD EAGLE,train
train/BALD EAGLE/162.jpg,BALD EAGLE,train
train/INDIGO BUNTING/001.jpg,INDIGO BUNTING,train
train/INDIGO BUNTING/002.jpg,INDIGO BUNTING,train
train/INDIGO BUNTING/003.jpg,INDIGO BUNTING,train
train/INDIGO BUNTING/004.jpg,INDIGO BUNTING,train
train/INDIGO BUNTING/005.jpg,INDIGO BUNTING,train
train/INDIGO BUNTING/006.jpg,INDIGO BUNTING,train
train/INDIGO BUNTING/007.jpg,INDIGO BUNTING,train
train/INDIGO BUNTING/008.jpg,INDIGO BUNTING,train
train/INDIGO BUNTING/009.jpg,INDIGO BUNTING,train
train/INDIGO BUNTING/010.jpg,INDIGO BUNTING,train
train/INDIGO BUNTING/011.jpg,INDIGO BUNTING,train
train/INDIGO BUNTING/012.jpg,INDIGO BUNTING,train
train/INDIGO BUNTING/013.jpg,INDIGO BUNTING,train
train/INDIGO BUNTING/014.jpg,INDIGO BUNTING,train
train/INDIGO BUNTING/015.jpg,INDIGO BUNTING,train
train/INDIGO BUNTING/016.jpg,INDIGO BUNTING,train
train/INDIGO BUNTING/017.jpg,INDIGO BUNTING,train
train/INDIGO BUNTING/018.jpg,INDIGO BUNTING,train
train/INDIGO BUNTING/019.jpg,INDIGO BUNTING,train
train/INDIGO BUNTING/020.jpg,INDIGO BUNTING,train
train/INDIGO BUNTING/021.jpg,INDIGO BUNTING,train
train/INDIGO BUNTING/022.jpg,INDIGO BUNTING,train
train/INDIGO BUNTING/023.jpg,INDIGO BUNTING,train
train/INDIGO BUNTING/024.jpg,INDIGO BUNTING,train
train/INDIGO BUNTING/025.jpg,INDIGO BUNTING,train
train/INDIGO BUNTING/026.jpg,INDIGO BUNTING,train
train/INDIGO BUNTING/027.jpg,INDIGO BUNTING,train
train/INDIGO BUNTING/028.jpg,INDIGO BUNTING,train
train/INDIGO BUNTING/029.jpg,INDIGO BUNTING,train
train/INDIGO BUNTING/030.jpg,INDIGO BUNTING,train
train/INDIGO BUNTING/031.jpg,INDIGO BUNTING,train
train/INDIGO BUNTING/032.jpg,INDIGO BUNTING,train
train/INDIGO BUNTING/033.jpg,INDIGO BUNTING,train
train/INDIGO BUNTING/034.jpg,INDIGO BUNTING,train
train/INDIGO BUNTING/035.jpg,INDIGO BUNTING,train
train/INDIGO BUNTING/036.jpg,INDIGO BUNTING,train
train/INDIGO BUNTING/037.jpg,INDIGO BUNTING,train
train/INDIGO BUNTING/038.jpg,INDIGO BUNTING,train
train/INDIGO BUNTING/039.jpg,INDIGO BUNTING,train
train/INDIGO BUNTING/040.jpg,INDIGO BUNTING,train
train/INDIGO BUNTING/041.jpg,INDIGO BUNTING,train
train/INDIGO BUNTING/042.jpg,INDIGO BUNTING,train
train/INDIGO BUNTING/043.jpg,INDIGO BUNTING,train
train/INDIGO BUNTING/044.jpg,INDIGO BUNTING,train
train/INDIGO BUNTING/045.jpg,INDIGO BUNTING,train
train/INDIGO BUNTING/046.jpg,INDIGO BUNTING,train
train/INDIGO BUNTING/047.jpg,INDIGO BUNTING,train
train/INDIGO BUNTING/048.jpg,INDIGO BUNTING,train
train/INDIGO BUNTING/049.jpg,INDIGO BUNTING,train
train/INDIGO BUNTING/050.jpg,INDIGO BUNTING,train
train/INDIGO BUNTING/051.jpg,INDIGO BUNTING,train
train/INDIGO BUNTING/052.jpg,INDIGO BUNTING,train
train/INDIGO BUNTING/053.jpg,INDIGO BUNTING,train
train/INDIGO BUNTING/054.jpg,INDIGO BUNTING,train
train/INDIGO BUNTING/055.jpg,INDIGO BUNTING,train
train/INDIGO BUNTING/056.jpg,INDIGO BUNTING,train
train/INDIGO BUNTING/057.jpg,INDIGO BUNTING,train
train/INDIGO BUNTING/058.jpg,INDIGO BUNTING,train
train/INDIGO BUNTING/059.jpg,INDIGO BUNTING,train
train/INDIGO BUNTING/060.jpg,INDIGO BUNTING,train
train/INDIGO BUNTING/061.jpg,INDIGO BUNTING,train
train/INDIGO BUNTING/062.jpg,INDIGO BUNTING,train
train/INDIGO BUNTING/063.jpg,INDIGO BUNTING,train
train/INDIGO BUNTING/064.jpg,INDIGO BUNTING,train
train/INDIGO BUNTING/065.jpg,INDIGO BUNTING,train
train/INDIGO BUNTING/066.jpg,INDIGO BUNTING,train
train/INDIGO BUNTING/067.jpg,INDIGO BUNTING,train
train/INDIGO BUNTING/068.jpg,INDIGO BUNTING,train
train/INDIGO BUNTING/069.jpg,INDIGO BUNTING,train
train/INDIGO BUNTING/070.jpg,INDIGO BUNTING,train
train/INDIGO BUNTING/071.jpg,INDIGO BUNTING,train
train/INDIGO BUNTING/072.jpg,INDIGO BUNTING,train
train/INDIGO BUNTING/073.jpg,INDIGO BUNTING,train
train/INDIGO BUNTING/074.jpg,INDIGO BUNTING,train
train/INDIGO BUNTING/075.jpg,INDIGO BUNTING,train
train/INDIGO BUNTING/076.jpg,INDIGO BUNTING,train
train/INDIGO BUNTING/077.jpg,INDIGO BUNTING,train
train/INDIGO BUNTING/078.jpg,INDIGO BUNTING,train
train/INDIGO BUNTING/079.jpg,INDIGO BUNTING,train
train/INDIGO BUNTING/080.jpg,INDIGO BUNTING,train
train/INDIGO BUNTING/081.jpg,INDIGO BUNTING,train
train/INDIGO BUNTING/082.jpg,INDIGO BUNTING,train
train/INDIGO BUNTING/083.jpg,INDIGO BUNTING,train
train/INDIGO BUNTING/084.jpg,INDIGO BUNTING,train
train/INDIGO BUNTING/085.jpg,INDIGO BUNTING,train
train/INDIGO BUNTING/086.jpg,INDIGO BUNTING,train
train/INDIGO BUNTING/087.jpg,INDIGO BUNTING,train
train/INDIGO BUNTING/088.jpg,INDIGO BUNTING,train
train/INDIGO BUNTING/089.jpg,INDIGO BUNTING,train
train/INDIGO BUNTING/090.jpg,INDIGO BUNTING,train
train/INDIGO BUNTING/091.jpg,INDIGO BUNTING,train
train/INDIGO BUNTING/092.jpg,INDIGO BUNTING,train
train/INDIGO BUNTING/093.jpg,INDIGO BUNTING,train
train/INDIGO BUNTING/094.jpg,INDIGO BUNTING,train
train/INDIGO BUNTING/095.jpg,INDIGO BUNTING,train
train/INDIGO BUNTING/096.jpg,INDIGO BUNTING,train
train/INDIGO BUNTING/097.jpg,INDIGO BUNTING,train
train/INDIGO BUNTING/098.jpg,INDIGO BUNTING,train
train/INDIGO BUNTING/099.jpg,INDIGO BUNTING,train
train/INDIGO BUNTING/100.jpg,INDIGO BUNTING,train
train/INDIGO BUNTING/101.jpg,INDIGO BUNTING,train
train/INDIGO BUNTING/102.jpg,INDIGO BUNTING,train
train/INDIGO BUNTING/103.jpg,INDIGO BUNTING,train
train/INDIGO BUNTING/104.jpg,INDIGO BUNTING,train
train/INDIGO BUNTING/105.jpg,INDIGO BUNTING,train
train/INDIGO BUNTING/106.jpg,INDIGO BUNTING,train
train/INDIGO BUNTING/107.jpg,INDIGO BUNTING,train
train/INDIGO BUNTING/108.jpg,INDIGO BUNTING,train
train/INDIGO BUNTING/109.jpg,INDIGO BUNTING,train
train/INDIGO BUNTING/110.jpg,INDIGO BUNTING,train
train/INDIGO BUNTING/111.jpg,INDIGO BUNTING,train
train/INDIGO BUNTING/112.jpg,INDIGO BUNTING,train
train/INDIGO BUNTING/113.jpg,INDIGO BUNTING,train
train/INDIGO BUNTING/114.jpg,INDIGO BUNTING,train
train/INDIGO BUNTING/115.jpg,INDIGO BUNTING,train
train/INDIGO BUNTING/116.jpg,INDIGO BUNTING,train
train/INDIGO BUNTING/117.jpg,INDIGO BUNTING,train
train/INDIGO BUNTING/118.jpg,INDIGO BUNTING,train
train/INDIGO BUNTING/119.jpg,INDIGO BUNTING,train
train/INDIGO BUNTING/120.jpg,INDIGO BUNTING,train
train/INDIGO BUNTING/121.jpg,INDIGO BUNTING,train
train/INDIGO BUNTING/122.jpg,INDIGO BUNTING,train
train/INDIGO BUNTING/123.jpg,INDIGO BUNTING,train
train/INDIGO BUNTING/124.jpg,INDIGO BUNTING,train
train/INDIGO BUNTING/125.jpg,INDIGO BUNTING,train
train/INDIGO BUNTING/126.jpg,INDIGO BUNTING,train
train/INDIGO BUNTING/127.jpg,INDIGO BUNTING,train
train/INDIGO BUNTING/128.jpg,INDIGO BUNTING,train
train/INDIGO BUNTING/129.jpg,INDIGO BUNTING,train
train/INDIGO BUNTING/130.jpg,INDIGO BUNTING,train
train/INDIGO BUNTING/131.jpg,INDIGO BUNTING,train
train/INDIGO BUNTING/132.jpg,INDIGO BUNTING,train
train/INDIGO BUNTING/133.jpg,INDIGO BUNTING,train
train/INDIGO BUNTING/134.jpg,INDIGO BUNTING,train
train/INDIGO BUNTING/135.jpg,INDIGO BUNTING,train
train/INDIGO BUNTING/136.jpg,INDIGO BUNTING,train
train/INDIGO BUNTING/137.jpg,INDIGO BUNTING,train
train/INDIGO BUNTING/138.jpg,INDIGO BUNTING,train
train/INDIGO BUNTING/139.jpg,INDIGO BUNTING,train
train/INDIGO BUNTING/140.jpg,INDIGO BUNTING,train
train/INDIGO BUNTING/141.jpg,INDIGO BUNTING,train
train/INDIGO BUNTING/142.jpg,INDIGO BUNTING,train
train/INDIGO BUNTING/143.jpg,INDIGO BUNTING,train
train/INDIGO BUNTING/144.jpg,INDIGO BUNTING,train
train/INDIGO BUNTING/145.jpg,INDIGO BUNTING,train
train/INDIGO BUNTING/146.jpg,INDIGO BUNTING,train
train/INDIGO BUNTING/147.jpg,INDIGO BUNTING,train
train/TOUCHAN/001.jpg,TOUCHAN,train
train/TOUCHAN/002.jpg,TOUCHAN,train
train/TOUCHAN/003.jpg,TOUCHAN,train
train/TOUCHAN/004.jpg,TOUCHAN,train
train/TOUCHAN/005.jpg,TOUCHAN,train
train/TOUCHAN/006.jpg,TOUCHAN,train
train/TOUCHAN/007.jpg,TOUCHAN,train
train/TOUCHAN/008.jpg,TOUCHAN,train
train/TOUCHAN/009.jpg,TOUCHAN,train
train/TOUCHAN/010.jpg,TOUCHAN,train
train/TOUCHAN/011.jpg,TOUCHAN,train
train/TOUCHAN/012.jpg,TOUCHAN,train
train/TOUCHAN/013.jpg,TOUCHAN,train
train/TOUCHAN/014.jpg,TOUCHAN,train
train/TOUCHAN/015.jpg,TOUCHAN,train
train/TOUCHAN/016.jpg,TOUCHAN,train
train/TOUCHAN/017.jpg,TOUCHAN,train
train/TOUCHAN/018.jpg,TOUCHAN,train
train/TOUCHAN/019.jpg,TOUCHAN,train
train/TOUCHAN/020.jpg,TOUCHAN,train
train/TOUCHAN/021.jpg,TOUCHAN,train
train/TOUCHAN/022.jpg,TOUCHAN,train
train/TOUCHAN/023.jpg,TOUCHAN,train
train/TOUCHAN/024.jpg,TOUCHAN,train
train/TOUCHAN/025.jpg,TOUCHAN,train
train/TOUCHAN/026.jpg,TOUCHAN,train
train/TOUCHAN/027.jpg,TOUCHAN,train
train/TOUCHAN/028.jpg,TOUCHAN,train
train/TOUCHAN/029.jpg,TOUCHAN,train
train/TOUCHAN/030.jpg,TOUCHAN,train
train/TOUCHAN/031.jpg,TOUCHAN,train
train/TOUCHAN/032.jpg,TOUCHAN,train
train/TOUCHAN/033.jpg,TOUCHAN,train
train/TOUCHAN/034.jpg,TOUCHAN,train
train/TOUCHAN/035.jpg,TOUCHAN,train
train/TOUCHAN/036.jpg,TOUCHAN,train
train/TOUCHAN/037.jpg,TOUCHAN,train
train/TOUCHAN/038.jpg,TOUCHAN,train
train/TOUCHAN/039.jpg,TOUCHAN,train
train/TOUCHAN/040.jpg,TOUCHAN,train
train/TOUCHAN/041.jpg,TOUCHAN,train
train/TOUCHAN/042.jpg,TOUCHAN,train
train/TOUCHAN/043.jpg,TOUCHAN,train
train/TOUCHAN/044.jpg,TOUCHAN,train
train/TOUCHAN/045.jpg,TOUCHAN,train
train/TOUCHAN/046.jpg,TOUCHAN,train
train/TOUCHAN/047.jpg,TOUCHAN,train
train/TOUCHAN/048.jpg,TOUCHAN,train
train/TOUCHAN/049.jpg,TOUCHAN,train
train/TOUCHAN/050.jpg,TOUCHAN,train
train/TOUCHAN/051.jpg,TOUCHAN,train
train/TOUCHAN/052.jpg,TOUCHAN,train
train/TOUCHAN/053.jpg,TOUCHAN,train
train/TOUCHAN/054.jpg,TOUCHAN,train
train/TOUCHAN/055.jpg,TOUCHAN,train
train/TOUCHAN/056.jpg,TOUCHAN,train
train/TOUCHAN/057.jpg,TOUCHAN,train
train/TOUCHAN/058.jpg,TOUCHAN,train
train/TOUCHAN/059.jpg,TOUCHAN,train
train/TOUCHAN/060.jpg,TOUCHAN,train
train/TOUCHAN/061.jpg,TOUCHAN,train
train/TOUCHAN/062.jpg,TOUCHAN,train
train/TOUCHAN/063.jpg,TOUCHAN,train
train/TOUCHAN/064.jpg,TOUCHAN,train
train/TOUCHAN/065.jpg,TOUCHAN,train
train/TOUCHAN/066.jpg,TOUCHAN,train
train/TOUCHAN/067.jpg,TOUCHAN,train
train/TOUCHAN/068.jpg,TOUCHAN,train
train/TOUCHAN/069.jpg,TOUCHAN,train
train/TOUCHAN/070.jpg,TOUCHAN,train
train/TOUCHAN/071.jpg,TOUCHAN,train
train/TOUCHAN/072.jpg,TOUCHAN,train
train/TOUCHAN/073.jpg,TOUCHAN,train
train/TOUCHAN/074.jpg,TOUCHAN,train
train/TOUCHAN/075.jpg,TOUCHAN,train
train/TOUCHAN/076.jpg,TOUCHAN,train
train/TOUCHAN/077.jpg,TOUCHAN,train
train/TOUCHAN/078.jpg,TOUCHAN,train
train/TOUCHAN/079.jpg,TOUCHAN,train
train/TOUCHAN/080.jpg,TOUCHAN,train
train/TOUCHAN/081.jpg,TOUCHAN,train
train/TOUCHAN/082.jpg,TOUCHAN,train
train/TOUCHAN/083.jpg,TOUCHAN,train
train/TOUCHAN/084.jpg,TOUCHAN,train
train/TOUCHAN/085.jpg,TOUCHAN,train
train/TOUCHAN/086.jpg,TOUCHAN,train
train/TOUCHAN/087.jpg,TOUCHAN,train
train/TOUCHAN/088.jpg,TOUCHAN,train
train/TOUCHAN/089.jpg,TOUCHAN,train
train/TOUCHAN/090.jpg,TOUCHAN,train
train/TOUCHAN/091.jpg,TOUCHAN,train
train/TOUCHAN/092.jpg,TOUCHAN,train
train/TOUCHAN/093.jpg,TOUCHAN,train
train/TOUCHAN/094.jpg,TOUCHAN,train
train/TOUCHAN/095.jpg,TOUCHAN,train
train/TOUCHAN/096.jpg,TOUCHAN,train
train/TOUCHAN/097.jpg,TOUCHAN,train
train/TOUCHAN/098.jpg,TOUCHAN,train
train/TOUCHAN/099.jpg,TOUCHAN,train
train/TOUCHAN/100.jpg,TOUCHAN,train
train/TOUCHAN/101.jpg,TOUCHAN,train
train/TOUCHAN/102.jpg,TOUCHAN,train
train/TOUCHAN/103.jpg,TOUCHAN,train
train/TOUCHAN/104.jpg,TOUCHAN,train
train/TOUCHAN/105.jpg,TOUCHAN,train
train/TOUCHAN/106.jpg,TOUCHAN,train
train/TOUCHAN/107.jpg,TOUCHAN,train
train/TOUCHAN/108.jpg,TOUCHAN,train
train/TOUCHAN/109.jpg,TOUCHAN,train
train/TOUCHAN/110.jpg,TOUCHAN,train
train/TOUCHAN/111.jpg,TOUCHAN,train
train/TOUCHAN/112.jpg,TOUCHAN,train
train/TOUCHAN/113.jpg,TOUCHAN,train
train/TOUCHAN/114.jpg,TOUCHAN,train
train/TOUCHAN/115.jpg,TOUCHAN,train
train/TOUCHAN/116.jpg,TOUCHAN,train
train/TOUCHAN/117.jpg,TOUCHAN,train
train/TOUCHAN/118.jpg,TOUCHAN,train
train/TOUCHAN/119.jpg,TOUCHAN,train
train/TOUCHAN/120.jpg,TOUCHAN,train
train/TOUCHAN/121.jpg,TOUCHAN,train
train/TOUCHAN/122.jpg,TOUCHAN,train
train/TOUCHAN/123.jpg,TOUCHAN,train
train/TOUCHAN/124.jpg,TOUCHAN,train
train/TOUCHAN/125.jpg,TOUCHAN,train
train/TOUCHAN/126.jpg,TOUCHAN,train
train/TOUCHAN/127.jpg,TOUCHAN,train
train/TOUCHAN/128.jpg,TOUCHAN,train
train/TOUCHAN/129.jpg,TOUCHAN,train
train/TOUCHAN/130.jpg,TOUCHAN,train
train/TOUCHAN/131.jpg,TOUCHAN,train
train/TOUCHAN/132.jpg,TOUCHAN,train
train/TOUCHAN/133.jpg,TOUCHAN,train
train/TOUCHAN/134.jpg,TOUCHAN,train
train/TOUCHAN/135.jpg,TOUCHAN,train
train/TOUCHAN/136.jpg,TOUCHAN,train
train/SNOWY OWL/001.jpg,SNOWY OWL,train
train/SNOWY OWL/002.jpg,SNOWY OWL,train
train/SNOWY OWL/003.jpg,SNOWY OWL,train
train/SNOWY OWL/004.jpg,SNOWY OWL,train
train/SNOWY OWL/005.jpg,SNOWY OWL,train
train/SNOWY OWL/006.jpg,SNOWY OWL,train
train/SNOWY OWL/007.jpg,SNOWY OWL,train
train/SNOWY OWL/008.jpg,SNOWY OWL,train
train/SNOWY OWL/009.jpg,SNOWY OWL,train
train/SNOWY OWL/010.jpg,SNOWY OWL,train
train/SNOWY OWL/011.jpg,SNOWY OWL,train
train/SNOWY OWL/012.jpg,SNOWY OWL,train
train/SNOWY OWL/013.jpg,SNOWY OWL,train
train/SNOWY OWL/014.jpg,SNOWY OWL,train
train/SNOWY OWL/015.jpg,SNOWY OWL,train
train/SNOWY OWL/016.jpg,SNOWY OWL,train
train/SNOWY OWL/017.jpg,SNOWY OWL,train
train/SNOWY OWL/018.jpg,SNOWY OWL,train
train/SNOWY OWL/019.jpg,SNOWY OWL,train
train/SNOWY OWL/020.jpg,SNOWY OWL,train
train/SNOWY OWL/021.jpg,SNOWY OWL,train
train/SNOWY OWL/022.jpg,SNOWY OWL,train
train/SNOWY OWL/023.jpg,SNOWY OWL,train
train/SNOWY OWL/024.jpg,SNOWY OWL,train
train/SNOWY OWL/025.jpg,SNOWY OWL,train
train/SNOWY OWL/026.jpg,SNOWY OWL,train
train/SNOWY OWL/027.jpg,SNOWY OWL,train
train/SNOWY OWL/028.jpg,SNOWY OWL,train
train/SNOWY OWL/029.jpg,SNOWY OWL,train
train/SNOWY OWL/030.jpg,SNOWY OWL,train
train/SNOWY OWL/031.jpg,SNOWY OWL,train
train/SNOWY OWL/032.jpg,SNOWY OWL,train
train/SNOWY OWL/033.jpg,SNOWY OWL,train
train/SNOWY OWL/034.jpg,SNOWY OWL,train
train/SNOWY OWL/035.jpg,SNOWY OWL,train
train/SNOWY OWL/036.jpg,SNOWY OWL,train
train/SNOWY OWL/037.jpg,SNOWY OWL,train
train/SNOWY OWL/038.jpg,SNOWY OWL,train
train/SNOWY OWL/039.jpg,SNOWY OWL,train
train/SNOWY OWL/040.jpg,SNOWY OWL,train
train/SNOWY OWL/041.jpg,SNOWY OWL,train
train/SNOWY OWL/042.jpg,SNOWY OWL,train
train/SNOWY OWL/043.jpg,SNOWY OWL,train
train/SNOWY OWL/044.jpg,SNOWY OWL,train
train/SNOWY OWL/045.jpg,SNOWY OWL,train
train/SNOWY OWL/046.jpg,SNOWY OWL,train
train/SNOWY OWL/047.jpg,SNOWY OWL,train
train/SNOWY OWL/048.jpg,SNOWY OWL,train
train/SNOWY OWL/049.jpg,SNOWY OWL,train
train/SNOWY OWL/050.jpg,SNOWY OWL,train
train/SNOWY OWL/051.jpg,SNOWY OWL,train
train/SNOWY OWL/052.jpg,SNOWY OWL,train
train/SNOWY OWL/053.jpg,SNOWY OWL,train
train/SNOWY OWL/054.jpg,SNOWY OWL,train
train/SNOWY OWL/055.jpg,SNOWY OWL,train
train/SNOWY OWL/056.jpg,SNOWY OWL,train
train/SNOWY OWL/057.jpg,SNOWY OWL,train
train/SNOWY OWL/058.jpg,SNOWY OWL,train
train/SNOWY OWL/059.jpg,SNOWY OWL,train
train/SNOWY OWL/060.jpg,SNOWY OWL,train
train/SNOWY OWL/061.jpg,SNOWY OWL,train
train/SNOWY OWL/062.jpg,SNOWY OWL,train
train/SNOWY OWL/063.jpg,SNOWY OWL,train
train/SNOWY OWL/064.jpg,SNOWY OWL,train
train/SNOWY OWL/065.jpg,SNOWY OWL,train
train/SNOWY OWL/066.jpg,SNOWY OWL,train
train/SNOWY OWL/067.jpg,SNOWY OWL,train
train/SNOWY OWL/068.jpg,SNOWY OWL,train
train/SNOWY OWL/069.jpg,SNOWY OWL,train
train/SNOWY OWL/070.jpg,SNOWY OWL,train
train/SNOWY OWL/071.jpg,SNOWY OWL,train
train/SNOWY OWL/072.jpg,SNOWY OWL,train
train/SNOWY OWL/073.jpg,SNOWY OWL,train
train/SNOWY OWL/074.jpg,SNOWY OWL,train
train/SNOWY OWL/075.jpg,SNOWY OWL,train
train/SNOWY OWL/076.jpg,SNOWY OWL,train
train/SNOWY OWL/077.jpg,SNOWY OWL,train
train/SNOWY OWL/078.jpg,SNOWY OWL,train
train/SNOWY OWL/079.jpg,SNOWY OWL,train
train/SNOWY OWL/080.jpg,SNOWY OWL,train
train/SNOWY OWL/081.jpg,SNOWY OWL,train
train/SNOWY OWL/082.jpg,SNOWY OWL,train
train/SNOWY OWL/083.jpg,SNOWY OWL,train
train/SNOWY OWL/084.jpg,SNOWY OWL,train
train/SNOWY OWL/085.jpg,SNOWY OWL,train
train/SNOWY OWL/086.jpg,SNOWY OWL,train
train/SNOWY OWL/087.jpg,SNOWY OWL,train
train/SNOWY OWL/088.jpg,SNOWY OWL,train
train/SNOWY OWL/089.jpg,SNOWY OWL,train
train/SNOWY OWL/090.jpg,SNOWY OWL,train
train/SNOWY OWL/091.jpg,SNOWY OWL,train
train/SNOWY OWL/092.jpg,SNOWY OWL,train
train/SNOWY OWL/093.jpg,SNOWY OWL,train
train/SNOWY OWL/094.jpg,SNOWY OWL,train
train/SNOWY OWL/095.jpg,SNOWY OWL,train
train/SNOWY OWL/096.jpg,SNOWY OWL,train
train/SNOWY OWL/097.jpg,SNOWY OWL,train
train/SNOWY OWL/098.jpg,SNOWY OWL,train
train/SNOWY OWL/099.jpg,SNOWY OWL,train
train/SNOWY OWL/100.jpg,SNOWY OWL,train
train/SNOWY OWL/101.jpg,SNOWY OWL,train
train/SNOWY OWL/102.jpg,SNOWY OWL,train
train/SNOWY OWL/103.jpg,SNOWY OWL,train
train/SNOWY OWL/104.jpg,SNOWY OWL,train
train/SNOWY OWL/105.jpg,SNOWY OWL,train
train/SNOWY OWL/106.jpg,SNOWY OWL,train
train/SNOWY OWL/107.jpg,SNOWY OWL,train
train/SNOWY OWL/108.jpg,SNOWY OWL,train
train/SNOWY OWL/109.jpg,SNOWY OWL,train
train/SNOWY OWL/110.jpg,SNOWY OWL,train
train/SNOWY OWL/111.jpg,SNOWY OWL,train
train/SNOWY OWL/112.jpg,SNOWY OWL,train
train/SNOWY OWL/113.jpg,SNOWY OWL,train
train/SNOWY OWL/114.jpg,SNOWY OWL,train
train/SNOWY OWL/115.jpg,SNOWY OWL,train
train/SNOWY OWL/116.jpg,SNOWY OWL,train
train/SNOWY OWL/117.jpg,SNOWY OWL,train
train/SNOWY OWL/118.jpg,SNOWY OWL,train
train/SNOWY OWL/119.jpg,SNOWY OWL,train
train/SNOWY OWL/120.jpg,SNOWY OWL,train
train/SNOWY OWL/121.jpg,SNOWY OWL,train
train/SNOWY OWL/122.jpg,SNOWY OWL,train
train/SNOWY OWL/123.jpg,SNOWY OWL,train
train/SNOWY OWL/124.jpg,SNOWY OWL,train
train/SNOWY OWL/125.jpg,SNOWY OWL,train
train/SNOWY OWL/126.jpg,SNOWY OWL,train
train/SNOWY OWL/127.jpg,SNOWY OWL,train
train/SNOWY OWL/128.jpg,SNOWY OWL,train
train/SNOWY OWL/129.jpg,SNOWY OWL,train
train/SNOWY OWL/130.jpg,SNOWY OWL,train
train/SNOWY OWL/131.jpg,SNOWY OWL,train
train/SNOWY OWL/132.jpg,SNOWY OWL,train
train/SNOWY OWL/133.jpg,SNOWY OWL,train
train/SNOWY OWL/134.jpg,SNOWY OWL,train
train/SNOWY OWL/135.jpg,SNOWY OWL,train
train/SNOWY OWL/136.jpg,SNOWY OWL,train
train/SNOWY OWL/137.jpg,SNOWY OWL,train
train/SNOWY OWL/138.jpg,SNOWY OWL,train
train/SNOWY OWL/139.jpg,SNOWY OWL,train
train/SNOWY OWL/140.jpg,SNOWY OWL,train
train/SNOWY OWL/141.jpg,SNOWY OWL,train
train/SNOWY OWL/142.jpg,SNOWY OWL,train
train/SNOWY OWL/143.jpg,SNOWY OWL,train
train/SNOWY OWL/144.jpg,SNOWY OWL,train
train/SNOWY OWL/145.jpg,SNOWY OWL,train
train/SNOWY OWL/146.jpg,SNOWY OWL,train
train/SNOWY OWL/147.jpg,SNOWY OWL,train
train/SNOWY OWL/148.jpg,SNOWY OWL,train
train/SNOWY OWL/149.jpg,SNOWY OWL,train
train/SNOWY OWL/150.jpg,SNOWY OWL,train
train/SNOWY OWL/151.jpg,SNOWY OWL,train
train/SNOWY OWL/152.jpg,SNOWY OWL,train
train/SNOWY OWL/153.jpg,SNOWY OWL,train
train/SNOWY OWL/154.jpg,SNOWY OWL,train
train/SNOWY OWL/155.jpg,SNOWY OWL,train
train/SNOWY OWL/156.jpg,SNOWY OWL,train
train/SNOWY OWL/157.jpg,SNOWY OWL,train
train/SNOWY OWL/158.jpg,SNOWY OWL,train
train/SNOWY OWL/159.jpg,SNOWY OWL,train
train/SNOWY OWL/160.jpg,SNOWY OWL,train
train/SNOWY OWL/161.jpg,SNOWY OWL,train
train/AMERICAN GOLDFINCH/001.jpg,AMERICAN GOLDFINCH,train
train/AMERICAN GOLDFINCH/002.jpg,AMERICAN GOLDFINCH,train
train/AMERICAN GOLDFINCH/003.jpg,AMERICAN GOLDFINCH,train
train/AMERICAN GOLDFINCH/004.jpg,AMERICAN GOLDFINCH,train
train/AMERICAN GOLDFINCH/005.jpg,AMERICAN GOLDFINCH,train
train/AMERICAN GOLDFINCH/006.jpg,AMERICAN GOLDFINCH,train
train/AMERICAN GOLDFINCH/007.jpg,AMERICAN GOLDFINCH,train
train/AMERICAN GOLDFINCH/008.jpg,AMERICAN GOLDFINCH,train
train/AMERICAN GOLDFINCH/009.jpg,AMERICAN GOLDFINCH,train
train/AMERICAN GOLDFINCH/010.jpg,AMERICAN GOLDFINCH,train
train/AMERICAN GOLDFINCH/011.jpg,AMERICAN GOLDFINCH,train
train/AMERICAN GOLDFINCH/012.jpg,AMERICAN GOLDFINCH,train
train/AMERICAN GOLDFINCH/013.jpg,AMERICAN GOLDFINCH,train
train/AMERICAN GOLDFINCH/014.jpg,AMERICAN GOLDFINCH,train
train/AMERICAN GOLDFINCH/015.jpg,AMERICAN GOLDFINCH,train
train/AMERICAN GOLDFINCH/016.jpg,AMERICAN GOLDFINCH,train
train/AMERICAN GOLDFINCH/017.jpg,AMERICAN GOLDFINCH,train
train/AMERICAN GOLDFINCH/018.jpg,AMERICAN GOLDFINCH,train
train/AMERICAN GOLDFINCH/019.jpg,AMERICAN GOLDFINCH,train
train/AMERICAN GOLDFINCH/020.jpg,AMERICAN GOLDFINCH,train
train/AMERICAN GOLDFINCH/021.jpg,AMERICAN GOLDFINCH,train
train/AMERICAN GOLDFINCH/022.jpg,AMERICAN GOLDFINCH,train
train/AMERICAN GOLDFINCH/023.jpg,AMERICAN GOLDFINCH,train
train/AMERICAN GOLDFINCH/024.jpg,AMERICAN GOLDFINCH,train
train/AMERICAN GOLDFINCH/025.jpg,AMERICAN GOLDFINCH,train
train/AMERICAN GOLDFINCH/026.jpg,AMERICAN GOLDFINCH,train
train/AMERICAN GOLDFINCH/027.jpg,AMERICAN GOLDFINCH,train
train/AMERICAN GOLDFINCH/028.jpg,AMERICAN GOLDFINCH,train
train/AMERICAN GOLDFINCH/029.jpg,AMERICAN GOLDFINCH,train
train/AMERICAN GOLDFINCH/030.jpg,AMERICAN GOLDFINCH,train
train/AMERICAN GOLDFINCH/031.jpg,AMERICAN GOLDFINCH,train
train/AMERICAN GOLDFINCH/032.jpg,AMERICAN GOLDFINCH,train
train/AMERICAN GOLDFINCH/033.jpg,AMERICAN GOLDFINCH,train
train/AMERICAN GOLDFINCH/034.jpg,AMERICAN GOLDFINCH,train
train/AMERICAN GOLDFINCH/035.jpg,AMERICAN GOLDFINCH,train
train/AMERICAN GOLDFINCH/036.jpg,AMERICAN GOLDFINCH,train
train/AMERICAN GOLDFINCH/037.jpg,AMERICAN GOLDFINCH,train
train/AMERICAN GOLDFINCH/038.jpg,AMERICAN GOLDFINCH,train
train/AMERICAN GOLDFINCH/039.jpg,AMERICAN GOLDFINCH,train
train/AMERICAN GOLDFINCH/040.jpg,AMERICAN GOLDFINCH,train
train/AMERICAN GOLDFINCH/041.jpg,AMERICAN GOLDFINCH,train
train/AMERICAN GOLDFINCH/042.jpg,AMERICAN GOLDFINCH,train
train/AMERICAN GOLDFINCH/043.jpg,AMERICAN GOLDFINCH,train
train/AMERICAN GOLDFINCH/044.jpg,AMERICAN GOLDFINCH,train
train/AMERICAN GOLDFINCH/045.jpg,AMERICAN GOLDFINCH,train
train/AMERICAN GOLDFINCH/046.jpg,AMERICAN GOLDFINCH,train
train/AMERICAN GOLDFINCH/047.jpg,AMERICAN GOLDFINCH,train
train/AMERICAN GOLDFINCH/049.jpg,AMERICAN GOLDFINCH,train
train/AMERICAN GOLDFINCH/050.jpg,AMERICAN GOLDFINCH,train
train/AMERICAN GOLDFINCH/051.jpg,AMERICAN GOLDFINCH,train
train/AMERICAN GOLDFINCH/052.jpg,AMERICAN GOLDFINCH,train
train/AMERICAN GOLDFINCH/053.jpg,AMERICAN GOLDFINCH,train
train/AMERICAN GOLDFINCH/054.jpg,AMERICAN GOLDFINCH,train
train/AMERICAN GOLDFINCH/055.jpg,AMERICAN GOLDFINCH,train
train/AMERICAN GOLDFINCH/056.jpg,AMERICAN GOLDFINCH,train
train/AMERICAN GOLDFINCH/057.jpg,AMERICAN GOLDFINCH,train
train/AMERICAN GOLDFINCH/058.jpg,AMERICAN GOLDFINCH,train
train/AMERICAN GOLDFINCH/059.jpg,AMERICAN GOLDFINCH,train
train/AMERICAN GOLDFINCH/060.jpg,AMERICAN GOLDFINCH,train
train/AMERICAN GOLDFINCH/061.jpg,AMERICAN GOLDFINCH,train
train/AMERICAN GOLDFINCH/062.jpg,AMERICAN GOLDFINCH,train
train/AMERICAN GOLDFINCH/063.jpg,AMERICAN GOLDFINCH,train
train/AMERICAN GOLDFINCH/064.jpg,AMERICAN GOLDFINCH,train
train/AMERICAN GOLDFINCH/065.jpg,AMERICAN GOLDFINCH,train
train/AMERICAN GOLDFINCH/066.jpg,AMERICAN GOLDFINCH,train
train/AMERICAN GOLDFINCH/067.jpg,AMERICAN GOLDFINCH,train
train/AMERICAN GOLDFINCH/068.jpg,AMERICAN GOLDFINCH,train
train/AMERICAN GOLDFINCH/069.jpg,AMERICAN GOLDFINCH,train
train/AMERICAN GOLDFINCH/070.jpg,AMERICAN GOLDFINCH,train
train/AMERICAN GOLDFINCH/071.jpg,AMERICAN GOLDFINCH,train
train/AMERICAN GOLDFINCH/072.jpg,AMERICAN GOLDFINCH,train
train/AMERICAN GOLDFINCH/073.jpg,AMERICAN GOLDFINCH,train
train/AMERICAN GOLDFINCH/074.jpg,AMERICAN GOLDFINCH,train
train/AMERICAN GOLDFINCH/075.jpg,AMERICAN GOLDFINCH,train
train/AMERICAN GOLDFINCH/076.jpg,AMERICAN GOLDFINCH,train
train/AMERICAN GOLDFINCH/077.jpg,AMERICAN GOLDFINCH,train
train/AMERICAN GOLDFINCH/078.jpg,AMERICAN GOLDFINCH,train
train/AMERICAN GOLDFINCH/079.jpg,AMERICAN GOLDFINCH,train
train/AMERICAN GOLDFINCH/080.jpg,AMERICAN GOLDFINCH,train
train/AMERICAN GOLDFINCH/081.jpg,AMERICAN GOLDFINCH,train
train/AMERICAN GOLDFINCH/082.jpg,AMERICAN GOLDFINCH,train
train/AMERICAN GOLDFINCH/083.jpg,AMERICAN GOLDFINCH,train
train/AMERICAN GOLDFINCH/084.jpg,AMERICAN GOLDFINCH,train
train/AMERICAN GOLDFINCH/085.jpg,AMERICAN GOLDFINCH,train
train/AMERICAN GOLDFINCH/086.jpg,AMERICAN GOLDFINCH,train
train/AMERICAN GOLDFINCH/087.jpg,AMERICAN GOLDFINCH,train
train/AMERICAN GOLDFINCH/088.jpg,AMERICAN GOLDFINCH,train
train/AMERICAN GOLDFINCH/089.jpg,AMERICAN GOLDFINCH,train
train/AMERICAN GOLDFINCH/090.jpg,AMERICAN GOLDFINCH,train
train/AMERICAN GOLDFINCH/091.jpg,AMERICAN GOLDFINCH,train
train/AMERICAN GOLDFINCH/092.jpg,AMERICAN GOLDFINCH,train
train/AMERICAN GOLDFINCH/093.jpg,AMERICAN GOLDFINCH,train
train/AMERICAN GOLDFINCH/094.jpg,AMERICAN GOLDFINCH,train
train/AMERICAN GOLDFINCH/095.jpg,AMERICAN GOLDFINCH,train
train/AMERICAN GOLDFINCH/096.jpg,AMERICAN GOLDFINCH,train
train/AMERICAN GOLDFINCH/097.jpg,AMERICAN GOLDFINCH,train
train/AMERICAN GOLDFINCH/098.jpg,AMERICAN GOLDFINCH,train
train/AMERICAN GOLDFINCH/099.jpg,AMERICAN GOLDFINCH,train
train/AMERICAN GOLDFINCH/100.jpg,AMERICAN GOLDFINCH,train
train/AMERICAN GOLDFINCH/101.jpg,AMERICAN GOLDFINCH,train
train/AMERICAN GOLDFINCH/102.jpg,AMERICAN GOLDFINCH,train
train/AMERICAN GOLDFINCH/103.jpg,AMERICAN GOLDFINCH,train
train/AMERICAN GOLDFINCH/104.jpg,AMERICAN GOLDFINCH,train
train/AMERICAN GOLDFINCH/105.jpg,AMERICAN GOLDFINCH,train
train/AMERICAN GOLDFINCH/106.jpg,AMERICAN GOLDFINCH,train
train/AMERICAN GOLDFINCH/107.jpg,AMERICAN GOLDFINCH,train
train/AMERICAN GOLDFINCH/108.jpg,AMERICAN GOLDFINCH,train
train/AMERICAN GOLDFINCH/109.jpg,AMERICAN GOLDFINCH,train
train/AMERICAN GOLDFINCH/110.jpg,AMERICAN GOLDFINCH,train
train/AMERICAN GOLDFINCH/111.jpg,AMERICAN GOLDFINCH,train
train/AMERICAN GOLDFINCH/112.jpg,AMERICAN GOLDFINCH,train
train/AMERICAN GOLDFINCH/113.jpg,AMERICAN GOLDFINCH,train
train/AMERICAN GOLDFINCH/114.jpg,AMERICAN GOLDFINCH,train
train/AMERICAN GOLDFINCH/115.jpg,AMERICAN GOLDFINCH,train
train/AMERICAN GOLDFINCH/116.jpg,AMERICAN GOLDFINCH,train
train/AMERICAN GOLDFINCH/117.jpg,AMERICAN GOLDFINCH,train
train/AMERICAN GOLDFINCH/118.jpg,AMERICAN GOLDFINCH,train
train/AMERICAN GOLDFINCH/119.jpg,AMERICAN GOLDFINCH,train
train/AMERICAN GOLDFINCH/120.jpg,AMERICAN GOLDFINCH,train
train/AMERICAN GOLDFINCH/121.jpg,AMERICAN GOLDFINCH,train
train/AMERICAN GOLDFINCH/122.jpg,AMERICAN GOLDFINCH,train
train/AMERICAN GOLDFINCH/123.jpg,AMERICAN GOLDFINCH,train
train/AMERICAN GOLDFINCH/124.jpg,AMERICAN GOLDFINCH,train
train/AMERICAN GOLDFINCH/125.jpg,AMERICAN GOLDFINCH,train
train/AMERICAN GOLDFINCH/126.jpg,AMERICAN GOLDFINCH,train
train/AMERICAN GOLDFINCH/127.jpg,AMERICAN GOLDFINCH,train
train/AMERICAN GOLDFINCH/128.jpg,AMERICAN GOLDFINCH,train
train/AMERICAN GOLDFINCH/129.jpg,AMERICAN GOLDFINCH,train
train/AMERICAN GOLDFINCH/130.jpg,AMERICAN GOLDFINCH,train
train/AMERICAN GOLDFINCH/131.jpg,AMERICAN GOLDFINCH,train
train/AMERICAN GOLDFINCH/132.jpg,AMERICAN GOLDFINCH,train
train/AMERICAN GOLDFINCH/133.jpg,AMERICAN GOLDFINCH,train
train/AMERICAN GOLDFINCH/134.jpg,AMERICAN GOLDFINCH,train
